time,node,valid,tracked,px,py,pz,qx,qy,qz,qw,trigger,axisX,axisY
364.673,Head,True,True,0.06118109,-0.05739248,-0.1658474,0.2979373,0.009926778,0.01274786,0.9544487,0,0,0
364.673,LeftHand,True,True,-0.1011633,-0.4727811,-0.06456256,-0.2395203,-0.02279004,0.2183256,0.9457508,0,0,0
364.673,RightHand,True,True,0.20297,-0.4649349,-0.04366951,-0.3136198,-0.03782393,-0.2605137,0.9123293,0,0,0
364.896,Head,True,True,0.0608869,-0.05025387,-0.1738942,0.2702193,0.005355091,0.0118255,0.9627113,0,0,0
364.896,LeftHand,True,True,-0.09956617,-0.4673852,-0.06645963,-0.2235822,-0.03407155,0.218958,0.9491615,0,0,0
364.896,RightHand,True,True,0.2033097,-0.4670035,-0.04372147,-0.3071592,-0.03120888,-0.2626219,0.9141712,0,0,0
365.127,Head,True,True,0.06027542,-0.04778862,-0.1734492,0.2634676,0.00307456,0.01423127,0.9645584,0,0,0
365.127,LeftHand,True,True,-0.09957793,-0.4680204,-0.06680666,-0.221095,-0.03587288,0.2252318,0.9482093,0,0,0
365.127,RightHand,True,True,0.2081131,-0.4677946,-0.04055123,-0.2928686,-0.007745171,-0.3050973,0.9061367,0,0,0
365.331,Head,True,True,0.06048135,-0.04745746,-0.1731193,0.2638834,0.003694027,0.01399056,0.9644461,0,0,0
365.331,LeftHand,True,True,-0.09999075,-0.4697183,-0.0666208,-0.2201025,-0.03837553,0.2552747,0.9407003,0,0,0
365.331,RightHand,True,True,0.207774,-0.4710552,-0.0337225,-0.2793949,0.03116747,-0.3931489,0.8754433,0,0,0
365.562,Head,True,True,0.05980266,-0.04791975,-0.1755473,0.2649915,0.001820173,0.01442739,0.9641411,0,0,0
365.562,LeftHand,True,True,-0.1012115,-0.4704599,-0.06657041,-0.2225246,-0.03383283,0.2583058,0.9394766,0,0,0
365.562,RightHand,True,True,0.2052588,-0.4681568,-0.03467853,-0.2806824,0.03001461,-0.3892187,0.8768268,0,0,0
365.763,Head,True,True,0.05953466,-0.04791951,-0.1756679,0.2658598,-0.0002987013,0.01550684,0.9638869,0,0,0
365.763,LeftHand,True,True,-0.1017336,-0.4717194,-0.06652535,-0.2255923,-0.03068909,0.2598494,0.9384267,0,0,0
365.763,RightHand,True,True,0.205569,-0.4687415,-0.03454012,-0.2809169,0.03022355,-0.389171,0.8767658,0,0,0
366.003,Head,True,True,0.06055709,-0.04871464,-0.1749991,0.2695243,-0.0003763232,0.01503073,0.9628762,0,0,0
366.003,LeftHand,True,True,-0.1022372,-0.473327,-0.06637461,-0.2299787,-0.02787155,0.2665191,0.9355749,0,0,0
366.003,RightHand,True,True,0.2057894,-0.4682434,-0.03469468,-0.2808646,0.03039302,-0.3895634,0.8766024,0,0,0
366.230,Head,True,True,0.06052742,-0.05015886,-0.1748902,0.274033,-0.001304871,0.01509337,0.961601,0,0,0
366.230,LeftHand,True,True,-0.1023474,-0.47309,-0.06675658,-0.2286917,-0.02812396,0.276094,0.933103,0,0,0
366.230,RightHand,True,True,0.2067721,-0.4668536,-0.03583236,-0.2772903,0.02788879,-0.3915744,0.8769275,0,0,0
366.463,Head,True,True,0.05877439,-0.05152929,-0.1736292,0.2784642,-0.002564022,0.01821196,0.9602705,0,0,0
366.463,LeftHand,True,True,-0.102529,-0.4726143,-0.06686681,-0.2239925,-0.03035529,0.2910924,0.929608,0,0,0
366.463,RightHand,True,True,0.2086659,-0.4663296,-0.03636148,-0.2713751,0.02063327,-0.3926249,0.8785076,0,0,0
366.688,Head,True,True,0.05839227,-0.05316091,-0.1724844,0.2843444,-0.002763551,0.01909129,0.9585282,0,0,0
366.688,LeftHand,True,True,-0.1023258,-0.4681156,-0.06702668,-0.2230449,-0.03170528,0.2934175,0.9290597,0,0,0
366.688,RightHand,True,True,0.2093744,-0.4661895,-0.03662027,-0.2691649,0.0176825,-0.3942297,0.8785332,0,0,0
366.922,Head,True,True,0.05889329,-0.05165577,-0.1728804,0.2791274,-0.0006679596,0.01684265,0.9601061,0,0,0
366.922,LeftHand,True,True,-0.1020894,-0.469947,-0.0673032,-0.2228781,-0.03179599,0.2940825,0.9288864,0,0,0
366.922,RightHand,True,True,0.2109342,-0.4671397,-0.0366455,-0.2660923,0.007705906,-0.403159,0.875556,0,0,0
367.124,Head,True,True,0.0595137,-0.04738557,-0.1747525,0.2638105,0.001900386,0.01560409,0.9644464,0,0,0
367.124,LeftHand,True,True,-0.1021639,-0.4704441,-0.06736124,-0.2226082,-0.0312551,0.2949966,0.9286796,0,0,0
367.124,RightHand,True,True,0.2130317,-0.4690893,-0.03652912,-0.2600315,-0.00183496,-0.4250598,0.8670089,0,0,0
367.334,Head,True,True,0.06147136,-0.04074907,-0.177934,0.2398823,0.007321932,0.01300786,0.9706872,0,0,0
367.334,LeftHand,True,True,-0.1052618,-0.4709414,-0.0687612,-0.2220478,-0.02991773,0.296728,0.9283062,0,0,0
367.334,RightHand,True,True,0.215945,-0.4711897,-0.03783044,-0.2544584,-0.002753177,-0.429637,0.8664037,0,0,0
367.564,Head,True,True,0.06368218,-0.0331881,-0.181543,0.2126844,0.01423057,0.01198367,0.9769439,0,0,0
367.564,LeftHand,True,True,-0.1044599,-0.4710099,-0.0691855,-0.2217362,-0.02848473,0.2986946,0.9277948,0,0,0
367.564,RightHand,True,True,0.2157388,-0.4683747,-0.03815252,-0.2513647,-0.003204694,-0.4326252,0.8658181,0,0,0
367.768,Head,True,True,0.0586602,-0.03000784,-0.1864905,0.195863,-0.0112704,0.005873486,0.9805489,0,0,0
367.768,LeftHand,True,True,-0.1074034,-0.4734251,-0.06978109,-0.2221911,-0.01937755,0.2940176,0.9294134,0,0,0
367.768,RightHand,True,True,0.2162142,-0.465045,-0.03958346,-0.2525719,-0.00516901,-0.4268788,0.8683059,0,0,0
367.978,Head,True,True,0.05808213,-0.02656198,-0.1886212,0.1812912,-0.01949138,0.001871251,0.9832345,0,0,0
367.978,LeftHand,True,True,-0.1083052,-0.4752489,-0.06967057,-0.2208247,-0.01540363,0.289764,0.9311477,0,0,0
367.978,RightHand,True,True,0.2151842,-0.4670782,-0.03916318,-0.2647723,-0.005326934,-0.4062839,0.8745288,0,0,0
368.187,Head,True,True,0.05523332,-0.0255909,-0.188948,0.1766084,-0.03807786,-0.002696733,0.9835407,0,0,0
368.187,LeftHand,True,True,-0.1084335,-0.4751372,-0.06998563,-0.2199857,-0.01442307,0.2907571,0.9310524,0,0,0
368.187,RightHand,True,True,0.2148972,-0.4759921,-0.03904296,-0.2653443,-0.005763623,-0.404921,0.8749847,0,0,0
368.396,Head,True,True,0.05059905,-0.02586031,-0.1885733,0.1775725,-0.06146961,-0.004121332,0.9821774,0,0,0
368.396,LeftHand,True,True,-0.1067666,-0.4742616,-0.06946686,-0.2182412,-0.01582289,0.2914591,0.9312207,0,0,0
368.396,RightHand,True,True,0.2148876,-0.4567497,-0.04092659,-0.2524315,-0.003376168,-0.4109046,0.8760276,0,0,0
368.610,Head,True,True,0.04974996,-0.02803648,-0.187901,0.1842999,-0.06372712,-0.0004449848,0.9808018,0,0,0
368.610,LeftHand,True,True,-0.1065061,-0.4717032,-0.06978481,-0.2168255,-0.01737997,0.2916753,0.931456,0,0,0
368.610,RightHand,True,True,0.212676,-0.4620858,-0.04193003,-0.2514641,-0.0004091005,-0.4022102,0.8803366,0,0,0
368.814,Head,True,True,0.05540346,-0.04203618,-0.1811033,0.232959,-0.0353697,0.001959166,0.9718412,0,0,0
368.814,LeftHand,True,True,-0.1064726,-0.484477,-0.06968032,-0.2143952,-0.01831437,0.2915566,0.9320376,0,0,0
368.814,RightHand,True,True,0.2123131,-0.5007221,-0.02893732,-0.2663176,-0.02585421,-0.3336896,0.9039125,0,0,0
369.037,Head,True,True,0.06001038,-0.0740701,-0.1623998,0.339299,-0.0159838,0.0208325,0.9403121,0,0,0
369.037,LeftHand,True,True,-0.09997138,-0.482066,-0.06928543,-0.1837091,-0.07338879,0.3382913,0.9200131,0,0,0
369.037,RightHand,True,True,0.2149288,-0.5025209,-0.02667462,-0.2634002,-0.03065973,-0.3257341,0.9075118,0,0,0
369.260,Head,True,True,0.06470511,-0.10197,-0.1442909,0.4298254,0.001916739,0.02627044,0.9025277,0,0,0
369.260,LeftHand,True,True,-0.09845127,-0.4966673,-0.06775285,-0.1923829,-0.04876438,0.3020856,0.9323922,0,0,0
369.260,RightHand,True,True,0.2173768,-0.5022205,-0.02746375,-0.2672714,-0.07613468,-0.1899479,0.9416418,0,0,0
369.483,Head,True,True,0.06893188,-0.1141745,-0.139125,0.4643399,0.0181927,0.02206375,0.8851953,0,0,0
369.483,LeftHand,True,True,-0.09807925,-0.4967362,-0.06642815,-0.1960317,-0.03006858,0.2755194,0.940615,0,0,0
369.483,RightHand,True,True,0.2194403,-0.5010682,-0.02725115,-0.255443,-0.0810512,-0.2058727,0.9411674,0,0,0
369.709,Head,True,True,0.07455017,-0.1121781,-0.1446982,0.4562471,0.03848272,0.02066056,0.8887805,0,0,0
369.709,LeftHand,True,True,-0.09877636,-0.4968588,-0.06623346,-0.195238,-0.02474023,0.2762449,0.9407225,0,0,0
369.709,RightHand,True,True,0.2203674,-0.4997504,-0.02732275,-0.2374525,-0.07577045,-0.2692262,0.9302647,0,0,0
369.927,Head,True,True,0.07480393,-0.1090502,-0.1468344,0.4475639,0.04158005,0.01528125,0.893154,0,0,0
369.927,LeftHand,True,True,-0.09913891,-0.4965331,-0.06606621,-0.1922172,-0.02153017,0.2795886,0.9404357,0,0,0
369.927,RightHand,True,True,0.2185681,-0.4991583,-0.02750698,-0.2297147,-0.05476825,-0.3395488,0.9104605,0,0,0
370.140,Head,True,True,0.0727106,-0.1026633,-0.1453452,0.4314745,0.02726057,0.009599485,0.9016621,0,0,0
370.140,LeftHand,True,True,-0.10017,-0.500027,-0.06481583,-0.1931625,-0.01755335,0.2812953,0.9398155,0,0,0
370.140,RightHand,True,True,0.2200165,-0.5000909,-0.02670462,-0.2277034,-0.05037789,-0.3641137,0.9016842,0,0,0
370.376,Head,True,True,0.07074191,-0.09855336,-0.1458461,0.4205986,0.02402679,0.008529765,0.9068885,0,0,0
370.376,LeftHand,True,True,-0.1043595,-0.5264639,-0.05270517,-0.1935784,-0.01658292,0.2789077,0.9404589,0,0,0
370.376,RightHand,True,True,0.2211069,-0.5023507,-0.02499313,-0.2278233,-0.05038041,-0.3640984,0.90166,0,0,0
370.616,Head,True,True,0.06897263,-0.09142125,-0.1481992,0.4007735,0.01772492,0.008995206,0.9159615,0,0,0
370.616,LeftHand,True,True,-0.1002533,-0.4997075,-0.0579333,-0.1848836,-0.02059303,0.2585611,0.9479136,0,0,0
370.616,RightHand,True,True,0.2210939,-0.5020374,-0.02469593,-0.2277081,-0.05026131,-0.3640851,0.9017011,0,0,0
370.820,Head,True,True,0.06971076,-0.07467353,-0.1538009,0.3507995,0.01766685,0.006476458,0.9362615,0,0,0
370.820,LeftHand,True,True,-0.10048,-0.4931929,-0.05947072,-0.1754359,-0.009525207,0.2256387,0.9582373,0,0,0
370.820,RightHand,True,True,0.2215902,-0.5034778,-0.02427152,-0.2277089,-0.05034207,-0.3634504,0.9019524,0,0,0
371.038,Head,True,True,0.06913196,-0.06996083,-0.1607451,0.3323581,0.01505684,0.005402954,0.9430176,0,0,0
371.038,LeftHand,True,True,-0.097763,-0.4915643,-0.06313562,-0.1714887,-0.01252882,0.2232848,0.9594678,0,0,0
371.038,RightHand,True,True,0.2206175,-0.5004143,-0.02408045,-0.2235194,-0.04543149,-0.3316926,0.9153988,0,0,0
371.239,Head,True,True,0.06807766,-0.06971484,-0.1612138,0.331449,0.0126407,0.00779374,0.9433563,0,0,0
371.239,LeftHand,True,True,-0.0978222,-0.4921394,-0.06311554,-0.1716838,-0.01223741,0.223217,0.9594525,0,0,0
371.239,RightHand,True,True,0.2211491,-0.5023426,-0.02314156,-0.2240591,-0.04570043,-0.3252238,0.9175721,0,0,0
371.475,Head,True,True,0.06785626,-0.06975049,-0.1579467,0.333631,0.01172624,0.008434515,0.9425931,0,0,0
371.475,LeftHand,True,True,-0.09806402,-0.4962359,-0.0625621,-0.1717273,-0.01192173,0.2232707,0.9594362,0,0,0
371.475,RightHand,True,True,0.2214534,-0.5010288,-0.02305308,-0.2189846,-0.04453698,-0.3298816,0.9171916,0,0,0
371.709,Head,True,True,0.06865982,-0.05999339,-0.1634157,0.3045119,0.01232881,0.006539709,0.9524063,0,0,0
371.709,LeftHand,True,True,-0.09812884,-0.4970426,-0.06228716,-0.1717066,-0.0119067,0.2232734,0.9594395,0,0,0
371.709,RightHand,True,True,0.2216349,-0.5009363,-0.02299518,-0.2183402,-0.04458686,-0.330492,0.917123,0,0,0
371.925,Head,True,True,0.07172554,-0.05758893,-0.1720473,0.2921673,0.02020589,0.001144711,0.9561531,0,0,0
371.925,LeftHand,True,True,-0.09925457,-0.5043707,-0.06012874,-0.1720198,-0.01072781,0.2239447,0.9592408,0,0,0
371.925,RightHand,True,True,0.2216874,-0.5006765,-0.02290182,-0.2166783,-0.04412396,-0.3323733,0.9168596,0,0,0
372.153,Head,True,True,0.1095203,-0.05112696,-0.1754716,0.2737869,0.2004173,0.05787978,0.9388949,0,0,0
372.153,LeftHand,True,True,-0.1036056,-0.4961491,-0.06091506,-0.177415,0.005662625,0.2408013,0.9542047,0,0,0
372.153,RightHand,True,True,0.2216912,-0.5006654,-0.02290273,-0.216619,-0.04412411,-0.3323744,0.9168733,0,0,0
372.358,Head,True,True,0.1432989,-0.03540897,-0.1909449,0.2163406,0.3728068,0.05831794,0.9004504,0,0,0
372.358,LeftHand,True,True,-0.09983498,-0.4801924,-0.06726944,-0.1719015,-0.01949701,0.2509048,0.9524267,0,0,0
372.358,RightHand,True,True,0.2218786,-0.5015637,-0.02248627,-0.2192999,-0.04506521,-0.328845,0.9174626,0,0,0
372.566,Head,True,True,0.1595373,-0.017892,-0.209108,0.1379541,0.4616138,0.07488365,0.8730829,0,0,0
372.566,LeftHand,True,True,-0.09356388,-0.4705188,-0.07976164,-0.1578842,-0.0307783,0.2511871,0.9544791,0,0,0
372.566,RightHand,True,True,0.2218029,-0.4917552,-0.02884535,-0.232351,-0.05141363,-0.3338982,0.9120755,0,0,0
372.776,Head,True,True,0.1653815,-0.007625937,-0.2242415,0.08808723,0.5030649,0.07089568,0.8568199,0,0,0
372.776,LeftHand,True,True,-0.09139908,-0.4705356,-0.07969152,-0.1603165,-0.0262063,0.2334577,0.9587019,0,0,0
372.776,RightHand,True,True,0.2211557,-0.4911293,-0.02669331,-0.2292079,-0.05092339,-0.3337519,0.9129514,0,0,0
372.989,Head,True,True,0.1671779,-0.0006444454,-0.2403972,0.04779217,0.5517024,0.06244712,0.8303257,0,0,0
372.989,LeftHand,True,True,-0.09101138,-0.4689186,-0.08056501,-0.1595132,-0.02319119,0.226364,0.9606129,0,0,0
372.989,RightHand,True,True,0.2212976,-0.4901458,-0.02690997,-0.2284223,-0.05081986,-0.3339753,0.9130723,0,0,0
373.204,Head,True,True,0.1586212,0.008870721,-0.2475001,0.002892971,0.54623,0.06925359,0.8347625,0,0,0
373.204,LeftHand,True,True,-0.08963012,-0.4671553,-0.08170217,-0.1583688,-0.02328387,0.2228357,0.9616244,0,0,0
373.204,RightHand,True,True,0.2223346,-0.4900432,-0.02995803,-0.2280774,-0.05103013,-0.3327601,0.9135904,0,0,0
373.416,Head,True,True,0.1478212,0.01677787,-0.245252,-0.04187115,0.5059101,0.08497807,0.8573684,0,0,0
373.416,LeftHand,True,True,-0.08967488,-0.4667513,-0.08184232,-0.1586611,-0.02213633,0.2219753,0.9618023,0,0,0
373.416,RightHand,True,True,0.2227667,-0.4889702,-0.03101068,-0.2277451,-0.05146601,-0.3313546,0.9141595,0,0,0
373.632,Head,True,True,0.126862,0.02422833,-0.226387,-0.08389634,0.3806726,0.100718,0.9153719,0,0,0
373.632,LeftHand,True,True,-0.09057665,-0.4690701,-0.08141679,-0.1600509,-0.01875041,0.2216691,0.9617146,0,0,0
373.632,RightHand,True,True,0.2239431,-0.4744089,-0.03436258,-0.2248562,-0.05136885,-0.3291152,0.9156878,0,0,0
373.851,Head,True,True,0.09157129,0.03529251,-0.2161881,-0.1695951,0.1759624,0.03502109,0.969045,0,0,0
373.851,LeftHand,True,True,-0.09095709,-0.4753489,-0.07993454,-0.1601946,-0.01840472,0.2216906,0.9616924,0,0,0
373.851,RightHand,True,True,0.2186154,-0.4245458,-0.05569205,-0.2057305,-0.04938994,-0.3220147,0.9227905,0,0,0
374.070,Head,True,True,0.07387459,0.02921641,-0.2076254,-0.1483164,0.08023712,0.00315308,0.9856746,0,0,0
374.070,LeftHand,True,True,-0.09878463,-0.492485,-0.07967397,-0.1975417,0.01667863,0.2701404,0.9421907,0,0,0
374.070,RightHand,True,True,0.1849921,-0.3047994,-0.0995639,-0.08023127,0.02418468,-0.3481435,0.9336885,0,0,0
374.284,Head,True,True,0.03508073,0.02497602,-0.1969819,-0.1348018,-0.1600016,-0.04363471,0.9768951,0,0,0
374.284,LeftHand,True,True,-0.09840775,-0.4970546,-0.07906508,-0.1961819,0.01506706,0.2690359,0.9428178,0,0,0
374.284,RightHand,True,False,0,0,0,0,0,0,1,0,0,0
374.492,Head,True,True,0.01227674,0.03049695,-0.216379,-0.1483228,-0.423553,-0.1164726,0.8860233,0,0,0
374.492,LeftHand,True,True,-0.08738692,-0.4002782,-0.09237733,-0.1382318,-0.02194951,0.2585792,0.9557965,0,0,0
374.492,RightHand,True,False,0,0,0,0,0,0,1,0,0,0
374.704,Head,True,True,0.01223953,0.01451433,-0.2099497,-0.06493665,-0.4580348,-0.09001055,0.8819782,0,0,0
374.704,LeftHand,True,True,-0.0859572,-0.4138898,-0.09169521,-0.1136473,-0.03681081,0.2498675,0.9608827,0,0,0
374.704,RightHand,True,False,0,0,0,0,0,0,1,0,0,0
374.932,Head,True,True,-0.003356263,-0.01785147,-0.2096409,0.07069969,-0.498038,-0.008038604,0.8642309,0,0,0
374.932,LeftHand,True,True,-0.08579302,-0.42357,-0.09223206,-0.1137064,-0.03674807,0.2499055,0.9608682,0,0,0
374.932,RightHand,True,True,0.2119949,-0.4779804,-0.04623459,-0.2108987,-0.02224364,-0.2331547,0.9490342,0,0,0
375.158,Head,True,True,-0.004945468,-0.04767871,-0.1859658,0.1930948,-0.3777084,0.07265892,0.902647,0,0,0
375.158,LeftHand,True,True,-0.08693766,-0.4345973,-0.09007932,-0.1170342,-0.03321156,0.2477632,0.9611521,0,0,0
375.158,RightHand,True,True,0.2151355,-0.4786879,-0.04149573,-0.1667996,0.001120918,-0.2982318,0.9398055,0,0,0
375.389,Head,True,True,0.02235432,-0.06055057,-0.1627818,0.2681578,-0.1612588,0.08420981,0.9460421,0,0,0
375.389,LeftHand,True,True,-0.09464377,-0.4886551,-0.06561795,-0.1311732,-0.02970608,0.2501729,0.9588142,0,0,0
375.389,RightHand,True,True,0.213711,-0.4748446,-0.04189156,-0.1918454,-0.01896007,-0.2811945,0.940088,0,0,0
375.613,Head,True,True,0.04136208,-0.06312931,-0.1590638,0.2896765,-0.07167153,0.07225201,0.9516987,0,0,0
375.613,LeftHand,True,True,-0.09155598,-0.4785711,-0.06746376,-0.1404008,-0.0342898,0.22117,0.9644666,0,0,0
375.613,RightHand,True,True,0.2157855,-0.4992498,-0.03184788,-0.2177543,-0.04208262,-0.2593588,0.9399709,0,0,0
375.846,Head,True,True,0.0541482,-0.06586832,-0.160112,0.3045171,-0.02044741,0.063198,0.950188,0,0,0
375.846,LeftHand,True,True,-0.09175579,-0.4774766,-0.06771436,-0.1410762,-0.03044749,0.2112926,0.9667088,0,0,0
375.846,RightHand,True,True,0.2163258,-0.4998686,-0.03186796,-0.2283992,-0.04546447,-0.2344871,0.9438128,0,0,0
376.081,Head,True,True,0.06124357,-0.06892657,-0.1588545,0.3202044,0.005481055,0.04805627,0.9461129,0,0,0
376.081,LeftHand,True,True,-0.09159447,-0.4811593,-0.06764206,-0.1424099,-0.02941292,0.2027799,0.968367,0,0,0
376.081,RightHand,True,True,0.2167053,-0.4999006,-0.03174166,-0.2285322,-0.04553853,-0.2347322,0.9437161,0,0,0
376.314,Head,True,True,0.06624967,-0.07413417,-0.1568965,0.3411531,0.01937816,0.04128947,0.9389005,0,0,0
376.314,LeftHand,True,True,-0.0940263,-0.4928144,-0.06694546,-0.1632549,-0.01587178,0.2000251,0.9659637,0,0,0
376.314,RightHand,True,True,0.2169429,-0.4999729,-0.03136696,-0.2288802,-0.04557491,-0.2348502,0.9436007,0,0,0
376.545,Head,True,True,0.06829405,-0.08452523,-0.1552483,0.3773432,0.02491064,0.03529056,0.9250655,0,0,0
376.545,LeftHand,True,True,-0.1030279,-0.5042674,-0.05641264,-0.170598,0.001189383,0.2168026,0.9611928,0,0,0
376.545,RightHand,True,True,0.2183776,-0.5121297,-0.02313194,-0.2583226,-0.04062346,-0.2446369,0.9336873,0,0,0
376.782,Head,True,True,0.06740721,-0.09197819,-0.1521773,0.4027117,0.02040865,0.03254237,0.9145205,0,0,0
376.782,LeftHand,True,True,-0.1131357,-0.5069177,-0.05799608,-0.1713779,0.01542603,0.2418575,0.9549328,0,0,0
376.782,RightHand,True,True,0.2184905,-0.5101727,-0.02329949,-0.2625239,-0.0428717,-0.247032,0.9317824,0,0,0
377.028,Head,True,True,0.07090899,-0.09937084,-0.1505744,0.4245296,0.0374315,0.03928797,0.9037865,0,0,0
377.028,LeftHand,True,True,-0.1137666,-0.5084241,-0.05246583,-0.1716162,0.01577921,0.2428271,0.9546381,0,0,0
377.028,RightHand,True,True,0.2206565,-0.5041875,-0.02356499,-0.2319902,-0.03652565,-0.2824689,0.9300848,0,0,0
377.260,Head,True,True,0.07793547,-0.108107,-0.1494346,0.4461623,0.06827965,0.03794202,0.8915366,0,0,0
377.260,LeftHand,True,True,-0.106352,-0.5007678,-0.05845688,-0.1709251,-0.002914212,0.2288921,0.9583238,0,0,0
377.260,RightHand,True,True,0.2208581,-0.5074325,-0.02322092,-0.2239024,-0.03142082,-0.3147181,0.9218639,0,0,0
377.476,Head,True,True,0.08216921,-0.1142278,-0.1483028,0.4651484,0.08258801,0.03239941,0.880776,0,0,0
377.476,LeftHand,True,True,-0.1064907,-0.5032377,-0.05584795,-0.171226,-0.003361641,0.2284644,0.9583707,0,0,0
377.476,RightHand,True,True,0.2209835,-0.5066467,-0.02311774,-0.2245922,-0.03239574,-0.3141655,0.9218508,0,0,0
377.713,Head,True,True,0.08549011,-0.1165078,-0.1461921,0.4712881,0.09231532,0.03011012,0.8766178,0,0,0
377.713,LeftHand,True,True,-0.124363,-0.4805248,-0.04596499,-0.04961555,-0.02505967,0.4480149,0.8922964,0,0,0
377.713,RightHand,True,True,0.2190544,-0.4992371,-0.02150479,-0.2472343,-0.01730477,-0.4430858,0.8615397,0,0,0
377.954,Head,True,True,0.08676835,-0.117787,-0.1461738,0.4742052,0.0948135,0.02841277,0.8748329,0,0,0
377.954,LeftHand,True,True,-0.1275742,-0.4303749,-0.04460385,0.06988559,-0.1200025,0.6042176,0.7846251,0,0,0
377.954,RightHand,True,True,0.2503918,-0.4822568,-0.001843706,-0.1381057,-0.03963459,-0.6341949,0.7597057,0.3860051,0,0
378.158,Head,True,True,0.08922814,-0.1171169,-0.1466473,0.471269,0.1020011,0.03201503,0.8754864,0,0,0
378.158,LeftHand,True,True,-0.1453535,-0.4539183,-0.03643958,0.1438553,-0.110324,0.8737335,0.4513581,0,0,0
378.158,RightHand,True,True,0.253381,-0.4320804,-0.02527899,0.07639823,0.06601145,-0.7492433,0.6545535,0,0,0
378.378,Head,True,True,0.09485833,-0.1172936,-0.1456819,0.4710078,0.1253287,0.03962805,0.8722809,0,0,0
378.378,LeftHand,True,True,-0.157312,-0.518165,-0.001170501,0.1487669,0.1027682,0.9465284,0.2671911,0.6365241,0,0
378.378,RightHand,True,True,0.2475724,-0.4535592,-0.03030052,-0.1121342,-0.1030626,0.9073474,-0.3918224,0,0,0
378.607,Head,True,True,0.09787986,-0.1162865,-0.1423624,0.4613918,0.1386972,0.03763982,0.8754793,0,0,0
378.607,LeftHand,True,True,-0.1509579,-0.4911479,-0.01965944,0.109601,0.01179196,0.9212511,0.3730215,0.3515401,0,0
378.607,RightHand,True,True,0.2476056,-0.4669232,-0.02251709,-0.1117534,-0.0798127,0.9157719,-0.3774956,0,0,0
378.829,Head,True,True,0.08884259,-0.1080409,-0.1375548,0.4303418,0.09098653,0.01431482,0.8979546,0,0,0
378.829,LeftHand,True,True,-0.1400575,-0.4838549,-0.02613361,0.02473529,-0.01245098,0.8786669,0.4766315,0,0,0
378.829,RightHand,True,True,0.2494726,-0.468174,-0.02214767,-0.1058414,-0.05672435,0.9070369,-0.4035642,0,0,0
379.056,Head,True,True,0.08280616,-0.106381,-0.1383884,0.4267252,0.06822464,0.01421805,0.9016922,0,0,0
379.056,LeftHand,True,True,-0.1365896,-0.4979594,-0.02134321,0.01520973,0.03959771,0.894361,0.4453304,0,0,0
379.056,RightHand,True,True,0.2447177,-0.4587132,-0.02365389,-0.08047299,-0.05337594,0.8899007,-0.445816,0,0,0
379.279,Head,True,True,0.07789439,-0.1053982,-0.1372793,0.4259157,0.0548459,0.0141625,0.902988,0,0,0
379.279,LeftHand,True,True,-0.1452177,-0.5520372,0.02881373,0.1507277,0.2966507,0.9283392,0.165728,1,0,0
379.279,RightHand,True,True,0.241293,-0.457754,-0.02586561,-0.06002956,-0.07487884,0.8702703,-0.4831347,0,0,0
379.501,Head,True,True,0.07360386,-0.1059619,-0.1357132,0.4274602,0.04199358,0.0139005,0.9029514,0,0,0
379.501,LeftHand,True,True,-0.1614533,-0.525185,-0.007976301,0.1469346,-0.01407392,0.917601,0.3690808,1,0,0
379.501,RightHand,True,True,0.237764,-0.4488366,-0.02724307,0.05161123,0.08697239,-0.8554044,0.5079916,0,0,0
379.736,Head,True,True,0.07316525,-0.1075383,-0.1340435,0.4310265,0.04083115,0.01559986,0.90128,0,0,0
379.736,LeftHand,True,True,-0.1028275,-0.4312654,-0.01891218,0.04841752,-0.3397932,0.5775551,0.7406932,0,0,0
379.736,RightHand,True,True,0.232717,-0.4265636,-0.02468024,0.03607885,0.1769191,-0.7395393,0.6484439,0,0,0
380.006,Head,True,True,0.07457111,-0.1098205,-0.1312247,0.4333293,0.04239865,0.01360861,0.9001349,0,0,0
380.006,LeftHand,True,True,-0.1043874,-0.4498045,-0.04161831,-0.05512184,-0.1640638,0.4819705,0.8589232,0,0,0
380.006,RightHand,True,True,0.2077257,-0.4223083,-0.02552104,-0.07133685,0.2354888,-0.561713,0.7898953,0,0,0
380.218,Head,True,True,0.07911526,-0.1155233,-0.1230993,0.4338735,0.0456169,0.01182067,0.8997406,0,0,0
380.218,LeftHand,True,True,-0.1183884,-0.4747225,-0.0374688,-0.06838955,-0.0905662,0.4806184,0.8695554,0,0,0
380.218,RightHand,True,True,0.221311,-0.4422247,-0.02559135,-0.08298039,0.1460578,-0.5351999,0.8278541,0,0,0
380.422,Head,True,True,0.08527008,-0.127123,-0.1058895,0.440277,0.0505095,0.009173762,0.8963932,0,0,0
380.422,LeftHand,True,True,-0.1323528,-0.4893944,-0.02497933,-0.05267673,-0.04283416,0.4896092,0.8692946,0,0,0
380.422,RightHand,True,True,0.2235709,-0.4226282,-0.02715767,-0.0571746,0.145557,-0.5641941,0.8106968,0,0,0
380.660,Head,True,True,0.09635696,-0.1409428,-0.04406795,0.4727536,0.05723705,0.009405037,0.8792835,0,0,0
380.660,LeftHand,True,True,-0.1337834,-0.4787557,-0.03512906,-0.05587194,-0.04354298,0.4937991,0.8666861,0,0,0
380.660,RightHand,True,True,0.2129032,-0.38658,-0.03735429,0.02294357,0.2934644,-0.6448012,0.7053961,0,0,0
380.889,Head,True,True,0.107636,-0.1659549,0.0435915,0.5061753,0.04770687,-0.00379051,0.8611017,0,0,0
380.889,LeftHand,True,True,-0.1160459,-0.4569678,-0.06038519,-0.1347758,-0.09695908,0.4185124,0.8929064,0,0,0
380.889,RightHand,True,True,0.2080704,-0.3636801,-0.02032917,0.0452668,0.3780727,-0.6603348,0.6472788,0,0,0
381.116,Head,True,True,0.1161208,-0.2000184,0.1226124,0.5547423,0.03636491,-0.009904505,0.8311681,0,0,0
381.116,LeftHand,True,True,-0.1173976,-0.4487014,-0.0458448,-0.08140174,-0.1250117,0.4409786,0.8850332,0,0,0
381.116,RightHand,True,True,0.2010992,-0.355132,0.01294827,0.03576391,0.4531697,-0.6223184,0.6372425,0,0,0
381.320,Head,True,True,0.1148395,-0.2302485,0.169218,0.599394,0.02481795,-0.01026467,0.8000035,0,0,0
381.320,LeftHand,True,True,-0.1093938,-0.4504978,-0.02916077,0.001373268,-0.1177739,0.5940228,0.7957791,0,0,0
381.320,RightHand,True,False,0.2081818,-0.3760996,0.03322279,-0.01189468,0.5002951,-0.5818301,0.6411217,0,0,0
381.554,Head,True,True,0.1116743,-0.2595583,0.1986853,0.6427814,0.01690356,-0.007470593,0.7658268,0,0,0
381.554,LeftHand,True,True,-0.09435201,-0.4439621,-0.01521674,0.06329863,-0.198067,0.6169118,0.7590669,0,0,0
381.554,RightHand,True,False,0,0,0,0,0,0,1,0,0,0
381.771,Head,True,True,0.1141267,-0.2720242,0.2086246,0.6635365,0.01931172,-0.002334492,0.747891,0,0,0
381.771,LeftHand,True,True,-0.08471248,-0.4214473,-0.00551185,0.1098015,-0.228928,0.5674577,0.7832799,0,0,0
381.771,RightHand,True,False,0,0,0,0,0,0,1,0,0,0
381.984,Head,True,True,0.1144829,-0.2772676,0.2185694,0.6691748,0.02499324,-0.004098986,0.7426733,0,0,0
381.984,LeftHand,True,True,-0.07918585,-0.4312318,-0.002558164,0.1184506,-0.2527125,0.5263183,0.8031781,0,0,0
381.984,RightHand,True,False,0,0,0,0,0,0,1,0,0,0
382.210,Head,True,True,0.1092209,-0.2888696,0.2353331,0.6804194,0.02837423,0.004546199,0.7322593,0,0,0
382.210,LeftHand,True,True,-0.07361678,-0.4210277,0.002843022,0.1248864,-0.2565281,0.5313978,0.7976297,0,0,0
382.210,RightHand,True,False,0,0,0,0,0,0,1,0,0,0
382.412,Head,True,True,0.1013963,-0.309458,0.2602343,0.6877974,0.03193013,0.01268445,0.7250891,0,0,0
382.412,LeftHand,True,False,0,0,0,0,0,0,1,0,0,0
382.412,RightHand,True,False,0,0,0,0,0,0,1,0,0,0
382.621,Head,True,True,0.1056484,-0.2990927,0.2800162,0.651147,0.04690868,0.03136622,0.756851,0,0,0
382.621,LeftHand,True,False,0,0,0,0,0,0,1,0,0,0
382.621,RightHand,True,False,0,0,0,0,0,0,1,0,0,0
382.856,Head,True,True,0.1136272,-0.2573795,0.2927156,0.5682116,0.07730056,0.03259072,0.8185953,0,0,0
382.856,LeftHand,True,False,0,0,0,0,0,0,1,0,0,0
382.856,RightHand,True,False,0,0,0,0,0,0,1,0,0,0
383.068,Head,True,True,0.122342,-0.2062118,0.2958868,0.4696634,0.1002603,0.0188337,0.8769318,0,0,0
383.068,LeftHand,True,False,0,0,0,0,0,0,1,0,0,0
383.068,RightHand,True,False,0,0,0,0,0,0,1,0,0,0
383.272,Head,True,True,0.1282869,-0.1962258,0.2984154,0.4372737,0.126986,0.01532694,0.8901862,0,0,0
383.272,LeftHand,True,False,0,0,0,0,0,0,1,0,0,0
383.272,RightHand,True,False,0,0,0,0,0,0,1,0,0,0
383.510,Head,True,True,0.128795,-0.1993402,0.2976825,0.4456636,0.1234603,0.01341163,0.8865448,0,0,0
383.510,LeftHand,True,False,0,0,0,0,0,0,1,0,0,0
383.510,RightHand,True,False,0,0,0,0,0,0,1,0,0,0
383.746,Head,True,True,0.1323804,-0.2088513,0.2904664,0.4704467,0.1327616,0.009522364,0.8723323,0,0,0
383.746,LeftHand,True,False,0,0,0,0,0,0,1,0,0,0
383.746,RightHand,True,False,0,0,0,0,0,0,1,0,0,0
383.947,Head,True,True,0.1350567,-0.20798,0.2879692,0.4710974,0.1297195,0.006641409,0.8724655,0,0,0
383.947,LeftHand,True,False,0,0,0,0,0,0,1,0,0,0
383.947,RightHand,True,False,0,0,0,0,0,0,1,0,0,0
384.152,Head,True,True,0.1356706,-0.2071417,0.2863585,0.4628929,0.1242442,0.006758241,0.8776376,0,0,0
384.152,LeftHand,True,False,0,0,0,0,0,0,1,0,0,0
384.152,RightHand,True,False,0,0,0,0,0,0,1,0,0,0
384.360,Head,True,True,0.1319487,-0.1975811,0.2674122,0.4507,0.1204299,0.01349216,0.8844118,0,0,0
384.360,LeftHand,True,False,0,0,0,0,0,0,1,0,0,0
384.360,RightHand,True,False,0,0,0,0,0,0,1,0,0,0
384.591,Head,True,True,0.1226667,-0.181476,0.2153845,0.4447573,0.1117407,0.02129854,0.8883982,0,0,0
384.591,LeftHand,True,False,0,0,0,0,0,0,1,0,0,0
384.591,RightHand,True,False,0,0,0,0,0,0,1,0,0,0
